machine learning engineering,r developer,python developer,nlp developer,java developer,cloud engineer,devops,data engineer
forecasting,r,python,nlp,java,aws,docker,spark
markov chain,ggplot,flask,natural language processing,spring,amazon web services,kubernetes,flink
monte carlo,shiny,django,topic modeling,spring boot,google cloud platform,linux,kafka
xgboost,cran,pandas,spacy,hibernate,dynamodb,shell scripting,elasticsearch
svm,shogun,numpy,doc2vec,maven,amazon lex,gitlab,postgresql/redshift
decision trees,theano,scikitlearn,chat bot,gradle,lamba,jenkis,airflow
tensorflow,torch,sklean,sentiment analysis,jhipster,cloud computing,elk stack,mysql
keras,caffe,sci-py,dynet,vaadin,cloud servic models,prometheus,mongodb
pytorch,syberia,matplotlib,keras,play,deployment model,maven,asp.net mvc
neural network,,bokeh,nlpnet,struts,microsoft azure,redis,ibm db2 family
sonnet,,statsmodel,pytorch,google web toolkit,xen,celery,sap hana
mxnet,,koa,spacy,oop,kvm,puppet,redis
gluon,,oop,tensorflow,jdbc,vmware,chef,toad
swift,,,,,,,teradata
chainer,,,,,,,neo4j
dl4j,,,,,,,orientdb
onnx,,,,,,,cloudera
caffe,,,,,,,mariadb
sckit-learn,,,,,,,
apache spark,,,,,,,
